功能,GPIO或信号,LQFP100芯片脚号,模式或外设,连接对象或要求,固件状态
OLED复位,PE2,1,GPIO推挽输出,OLED RES,OLED驱动管理
OLED数据/命令,PE3,2,GPIO推挽输出,OLED DC,OLED驱动管理
OLED片选,PE4,3,GPIO推挽输出,OLED CS,OLED驱动管理
最小系统,VBAT,6,专用电源脚,无后备电池时接VDD,必须连接
最小系统,VSS,10,专用电源脚,GND,必须连接
最小系统,VDD,11,专用电源脚,3.3V，全部连接并就近去耦,必须连接
高速晶振输入,PH0,12,HSE OSC_IN,8MHz晶振电路,系统时钟168MHz
高速晶振输出,PH1,13,HSE OSC_OUT,8MHz晶振电路,使用晶体模式，非BYPASS
系统复位,NRST,14,专用引脚,调试器/复位按键,保留
OLED数据,PC3,18,GPIO推挽输出,OLED DIN/SDA,软件SPI，不是I2C
最小系统,VDD,19,专用电源脚,3.3V，全部连接并就近去耦,必须连接
最小系统,VSSA,20,专用电源脚,GND,必须连接
最小系统,VREF+,21,专用电源脚,当前未使用ADC，可接VDDA并去耦,必须连接
最小系统,VDDA,22,专用电源脚,模拟3.3V并去耦,必须连接
底盘电机发送,PA0,23,UART4_TX，AF8,ZDT驱动器RX,Emm协议发送
底盘电机接收,PA1,24,UART4_RX，AF8,ZDT驱动器TX,F3/F6/FE应答接收
最小系统,VSS,27,专用电源脚,GND,必须连接
最小系统,VDD,28,专用电源脚,3.3V，全部连接并就近去耦,必须连接
Flash片选,PA4,29,GPIO推挽输出，上拉,W25Q128 /CS，低有效,驱动初始化为高
Flash时钟,PA5,30,SPI1_SCK，AF5,W25Q128 CLK,模式0，5.25MHz
Flash数据输入,PA6,31,SPI1_MISO，AF5,W25Q128 DO/IO1,MCU接收
Flash数据输出,PA7,32,SPI1_MOSI，AF5,W25Q128 DI/IO0,MCU发送
通信指示灯,PB2,36,推挽输出，低速,板载LED，高电平亮,led on点亮；led off熄灭；默认关闭
夹爪舵机信号,PE9,38,TIM1_CH1，AF1,舵机信号输入,PWM资源预留，尚未启动
视觉串口发送,PB10,47,USART3_TX，AF7,工控机的RX,已接入视觉协议V1.1任务请求发送（6字节+CRC8+SEQ），115200/8N1
视觉串口接收,PB11,48,USART3_RX，AF7,工控机的TX,已接入视觉协议V1.1定长响应接收（16字节）
最小系统,VCAP_1,49,专用电源脚,2.2uF到GND，不接3.3V,必须连接
最小系统,VDD,50,专用电源脚,3.3V，全部连接并就近去耦,必须连接
OLED时钟,PB13,52,GPIO推挽输出,OLED CLK/SCL,软件SPI
调试发送,PA9,68,USART1_TX，AF7,USB转串口RX,已实现DMA发送
调试接收,PA10,69,USART1_RX，AF7,USB转串口TX,已实现空闲中断+DMA及异常恢复
下载调试数据,PA13,72,SWDIO,调试器SWDIO,保留，不分配给业务
最小系统,VCAP_2,73,专用电源脚,2.2uF到GND，不接3.3V,必须连接
最小系统,VSS,74,专用电源脚,GND,必须连接
最小系统,VDD,75,专用电源脚,3.3V，全部连接并就近去耦,必须连接
下载调试时钟,PA14,76,SWCLK,调试器SWCLK,保留，不分配给业务
VM电源开关,PD0,81,推挽输出，低速,外部电源开关EN，高电平开启,初始化输出低，默认关闭
摄像头补光灯,PD1,82,推挽输出，低速,灯驱动EN，高电平开启,初始化输出低，默认关闭
启动按键1,PD2,83,上拉输入,按键另一端接GND，低电平按下,轮询输入，无EXTI/消抖/启动动作
启动按键2,PD3,84,上拉输入,按键另一端接GND，低电平按下,轮询输入，无EXTI/消抖/启动动作
OPS发送,PD5,86,USART2_TX，AF7,OPS的RX,已配置
OPS接收,PD6,87,USART2_RX，AF7,OPS的TX,已实现定位接收
CAN接收,PB5,91,CAN2_RX，AF9,CAN收发器RXD,DM、28/35电机共用总线
CAN发送,PB6,92,CAN2_TX，AF9,CAN收发器TXD,已启用CAN2，1Mbps
启动配置,BOOT0,94,专用引脚,正常运行下拉，预留拉高入口,PB2兼作BOOT1，保留下拉
最小系统,VSS,99,专用电源脚,GND,必须连接
最小系统,VDD,100,专用电源脚,3.3V，全部连接并就近去耦,必须连接
